{
  "project": "Q-TraceMark",
  "report_type": "empirical_null_fpr",
  "issued_at_utc": "2026-06-06T14:10:58.896899+00:00",
  "samples": 12,
  "image_size": [
    320,
    224
  ],
  "threshold": 0.95,
  "family_wise_alpha": 0.050000000000000044,
  "false_positive_images": 0,
  "false_positive_rate": 0.0,
  "max_null_confidence": 0.8255903562222311,
  "min_null_corrected_p_value": 0.17440964377776894,
  "max_null_z_score": 3.237223797852899,
  "qrng_source": "deterministic demo fallback; replace with EVK QRNG file for lab runs",
  "entropy_report": {
    "byte_count": 1048576,
    "sha256": "baa5b50cf3c66d2a5173af904bd63d8febba98ef8ca305b59efe8a81e9995231",
    "bit_one_ratio": 0.4997270107269287,
    "byte_entropy_bits_per_byte": 7.999822907086646,
    "longest_run_bits": 23
  },
  "controls": [
    {
      "index": 0,
      "image_sha256": "191f59d3fd359e7b90c450ef57c69ac98b724141d026ed7b5300dfb81650e6ef",
      "false_positive": false,
      "detections": [
        {
          "layer_type": "work",
          "layer_id": "ART-2026-QRNG-001",
          "confidence": 0.0,
          "z_score": -0.32468358317852714,
          "mean_correlation": -0.25167742652305664,
          "samples": 626,
          "best_phase": 0,
          "phase_trials": 289,
          "p_value_uncorrected": 0.6272897195979912,
          "p_value_corrected": 1.0,
          "detected": false
        },
        {
          "layer_type": "copy",
          "layer_id": "COPY-PLATFORM-A-USER-8832",
          "confidence": 0.0,
          "z_score": 0.08396764598825723,
          "mean_correlation": 0.08517498790976002,
          "samples": 554,
          "best_phase": 0,
          "phase_trials": 289,
          "p_value_uncorrected": 0.46654107782859877,
          "p_value_corrected": 1.0,
          "detected": false
        }
      ]
    },
    {
      "index": 1,
      "image_sha256": "0c5dbcedd48648b099a36f1667afeaaf0ec1e22d30a6c90eae126acd869d348c",
      "false_positive": false,
      "detections": [
        {
          "layer_type": "work",
          "layer_id": "ART-2026-QRNG-001",
          "confidence": 0.3453334361321274,
          "z_score": 2.8386441923422527,
          "mean_correlation": 1.9456409888474588,
          "samples": 622,
          "best_phase": 222,
          "phase_trials": 289,
          "p_value_uncorrected": 0.002265282227916514,
          "p_value_corrected": 0.6546665638678726,
          "detected": false
        },
        {
          "layer_type": "copy",
          "layer_id": "COPY-PLATFORM-A-USER-8832",
          "confidence": 0.6982071634651372,
          "z_score": 3.0773453569780584,
          "mean_correlation": 2.476941326086405,
          "samples": 559,
          "best_phase": 37,
          "phase_trials": 289,
          "p_value_uncorrected": 0.0010442658703628468,
          "p_value_corrected": 0.3017928365348627,
          "detected": false
        }
      ]
    },
    {
      "index": 2,
      "image_sha256": "0f2701f2bc10d2c4134d2a7b78733bda30af9fb07c4d3ae9cc95c7fdd23ca15d",
      "false_positive": false,
      "detections": [
        {
          "layer_type": "work",
          "layer_id": "ART-2026-QRNG-001",
          "confidence": 0.0,
          "z_score": -0.5976076662571196,
          "mean_correlation": -0.2184720070828897,
          "samples": 626,
          "best_phase": 0,
          "phase_trials": 289,
          "p_value_uncorrected": 0.7249491261364708,
          "p_value_corrected": 1.0,
          "detected": false
        },
        {
          "layer_type": "copy",
          "layer_id": "COPY-PLATFORM-A-USER-8832",
          "confidence": 0.6592643809733174,
          "z_score": 3.040988040756127,
          "mean_correlation": 1.2813783496304425,
          "samples": 545,
          "best_phase": 195,
          "phase_trials": 289,
          "p_value_uncorrected": 0.0011790159827912892,
          "p_value_corrected": 0.3407356190266826,
          "detected": false
        }
      ]
    },
    {
      "index": 3,
      "image_sha256": "4724d12991032969712e32e77a9ce86b3cde0db3498b54a3c7a5741be9b23de7",
      "false_positive": false,
      "detections": [
        {
          "layer_type": "work",
          "layer_id": "ART-2026-QRNG-001",
          "confidence": 0.5912619125635552,
          "z_score": 2.9857717046840704,
          "mean_correlation": 2.053681248323978,
          "samples": 605,
          "best_phase": 188,
          "phase_trials": 289,
          "p_value_uncorrected": 0.001414318641648598,
          "p_value_corrected": 0.40873808743644485,
          "detected": false
        },
        {
          "layer_type": "copy",
          "layer_id": "COPY-PLATFORM-A-USER-8832",
          "confidence": 0.8255903562222311,
          "z_score": 3.237223797852899,
          "mean_correlation": 2.1355610923349566,
          "samples": 553,
          "best_phase": 98,
          "phase_trials": 289,
          "p_value_uncorrected": 0.0006034935770857057,
          "p_value_corrected": 0.17440964377776894,
          "detected": false
        }
      ]
    },
    {
      "index": 4,
      "image_sha256": "6bcb8bc109d7c7ca1ee0c2fba2f82fc92a6bfd97d624d3b9142343b3dd4da03c",
      "false_positive": false,
      "detections": [
        {
          "layer_type": "work",
          "layer_id": "ART-2026-QRNG-001",
          "confidence": 0.3132941545710559,
          "z_score": 2.823361890812012,
          "mean_correlation": 1.9040605767194354,
          "samples": 614,
          "best_phase": 167,
          "phase_trials": 289,
          "p_value_uncorrected": 0.002376144793871779,
          "p_value_corrected": 0.6867058454289441,
          "detected": false
        },
        {
          "layer_type": "copy",
          "layer_id": "COPY-PLATFORM-A-USER-8832",
          "confidence": 0.5639176101034056,
          "z_score": 2.9659117007280975,
          "mean_correlation": 2.2546348243221144,
          "samples": 558,
          "best_phase": 83,
          "phase_trials": 289,
          "p_value_uncorrected": 0.0015089356051785274,
          "p_value_corrected": 0.4360823898965944,
          "detected": false
        }
      ]
    },
    {
      "index": 5,
      "image_sha256": "ef0d0b72b5bc45fcd5e14e200d1ba909f727af990826a6281f9c1addcfc32a62",
      "false_positive": false,
      "detections": [
        {
          "layer_type": "work",
          "layer_id": "ART-2026-QRNG-001",
          "confidence": 0.0,
          "z_score": 0.7300154646054205,
          "mean_correlation": 0.3229296496582188,
          "samples": 626,
          "best_phase": 0,
          "phase_trials": 289,
          "p_value_uncorrected": 0.23269036592027434,
          "p_value_corrected": 1.0,
          "detected": false
        },
        {
          "layer_type": "copy",
          "layer_id": "COPY-PLATFORM-A-USER-8832",
          "confidence": 0.18825315688566058,
          "z_score": 2.7693036547212544,
          "mean_correlation": 1.6750359840427052,
          "samples": 567,
          "best_phase": 263,
          "phase_trials": 289,
          "p_value_uncorrected": 0.0028088126059319703,
          "p_value_corrected": 0.8117468431143394,
          "detected": false
        }
      ]
    },
    {
      "index": 6,
      "image_sha256": "b0287e59f89f90154bf02c8ae9180ad3a127bfbd8d3d60b80a73c94ab9124837",
      "false_positive": false,
      "detections": [
        {
          "layer_type": "work",
          "layer_id": "ART-2026-QRNG-001",
          "confidence": 0.6229738167100377,
          "z_score": 3.0103837864809058,
          "mean_correlation": 0.9814111910754352,
          "samples": 609,
          "best_phase": 59,
          "phase_trials": 289,
          "p_value_uncorrected": 0.0013045888695154405,
          "p_value_corrected": 0.3770261832899623,
          "detected": false
        },
        {
          "layer_type": "copy",
          "layer_id": "COPY-PLATFORM-A-USER-8832",
          "confidence": 0.0,